time,bid,bid_depth,bid_depth_total,offer,offer_depth,offer_depth_total
20160907T001514,102.07,0,0,102.1,0,0
20160907T001516,102.071,0,0,102.101,0,0
20160907T001517,102.07,0,0,102.101,0,0
20160907T001517,102.07,0,0,102.1,0,0
20160907T001522,102.069,0,0,102.099,0,0
20160907T001525,102.069,0,0,102.1,0,0
20160907T001525,102.068,0,0,102.099,0,0
20160907T001528,102.069,0,0,102.1,0,0
20160907T001529,102.067,0,0,102.098,0,0
20160907T001529,102.061,0,0,102.101,0,0
20160907T001529,102.056,0,0,102.098,0,0
20160907T001530,102.052,0,0,102.096,0,0
20160907T001530,102.051,0,0,102.095,0,0
20160907T001530,102.051,0,0,102.094,0,0
20160907T001531,102.05,0,0,102.094,0,0
20160907T001531,102.049,0,0,102.093,0,0
20160907T001531,102.048,0,0,102.092,0,0
20160907T001531,102.043,0,0,102.088,0,0
20160907T001531,102.04,0,0,102.085,0,0
20160907T001531,102.041,0,0,102.086,0,0
20160907T001534,102.042,0,0,102.087,0,0
20160907T001535,102.043,0,0,102.088,0,0
20160907T001537,102.047,0,0,102.092,0,0
20160907T001538,102.048,0,0,102.093,0,0
20160907T001541,102.054,0,0,102.099,0,0
20160907T001541,102.061,0,0,102.092,0,0
20160907T001544,102.062,0,0,102.093,0,0
20160907T001545,102.061,0,0,102.092,0,0
20160907T001547,102.062,0,0,102.093,0,0
20160907T001601,102.068,0,0,102.099,0,0
20160907T001601,102.071,0,0,102.102,0,0
20160907T001601,102.072,0,0,102.103,0,0
20160907T001604,102.073,0,0,102.104,0,0
20160907T001604,102.074,0,0,102.105,0,0
20160907T001604,102.076,0,0,102.108,0,0
20160907T001606,102.074,0,0,102.105,0,0
20160907T001606,102.077,0,0,102.108,0,0
20160907T001606,102.077,0,0,102.107,0,0
20160907T001610,102.077,0,0,102.106,0,0
20160907T001612,102.077,0,0,102.108,0,0
20160907T001612,102.078,0,0,102.108,0,0
20160907T001612,102.08,0,0,102.11,0,0
20160907T001612,102.083,0,0,102.114,0,0
20160907T001614,102.084,0,0,102.114,0,0
20160907T001614,102.085,0,0,102.115,0,0
20160907T001614,102.085,0,0,102.116,0,0
20160907T001614,102.082,0,0,102.118,0,0
20160907T001619,102.083,0,0,102.118,0,0
20160907T001621,102.083,0,0,102.119,0,0
20160907T001624,102.088,0,0,102.116,0,0
20160907T001626,102.087,0,0,102.113,0,0
20160907T001642,102.085,0,0,102.114,0,0
20160907T001657,102.085,0,0,102.115,0,0
20160907T001658,102.086,0,0,102.115,0,0
20160907T001712,102.085,0,0,102.115,0,0
20160907T001720,102.086,0,0,102.115,0,0
20160907T001727,102.085,0,0,102.114,0,0
20160907T001728,102.084,0,0,102.114,0,0
20160907T001728,102.084,0,0,102.113,0,0
20160907T001734,102.083,0,0,102.113,0,0
20160907T001745,102.082,0,0,102.113,0,0
20160907T001747,102.081,0,0,102.112,0,0
20160907T001751,102.082,0,0,102.112,0,0
20160907T001754,102.083,0,0,102.112,0,0
20160907T001754,102.082,0,0,102.112,0,0
20160907T001755,102.081,0,0,102.11,0,0
20160907T001756,102.082,0,0,102.111,0,0
20160907T001759,102.082,0,0,102.112,0,0
20160907T001801,102.082,0,0,102.111,0,0
20160907T001810,102.082,0,0,102.112,0,0
20160907T001811,102.083,0,0,102.113,0,0
20160907T001813,102.081,0,0,102.111,0,0
20160907T001814,102.079,0,0,102.109,0,0
20160907T001814,102.079,0,0,102.108,0,0
20160907T001814,102.08,0,0,102.109,0,0
20160907T001815,102.082,0,0,102.111,0,0
20160907T001815,102.079,0,0,102.109,0,0
20160907T001816,102.079,0,0,102.108,0,0
20160907T001816,102.08,0,0,102.11,0,0
20160907T001817,102.081,0,0,102.111,0,0
20160907T001826,102.08,0,0,102.109,0,0
20160907T001827,102.079,0,0,102.109,0,0
20160907T001830,102.08,0,0,102.11,0,0
20160907T001830,102.081,0,0,102.11,0,0
20160907T001830,102.08,0,0,102.11,0,0
20160907T001830,102.079,0,0,102.108,0,0
20160907T001833,102.08,0,0,102.11,0,0
20160907T001833,102.081,0,0,102.111,0,0
20160907T001833,102.08,0,0,102.109,0,0
20160907T001833,102.079,0,0,102.108,0,0
20160907T001841,102.078,0,0,102.108,0,0
20160907T001842,102.074,0,0,102.104,0,0
20160907T001842,102.073,0,0,102.102,0,0
20160907T001842,102.072,0,0,102.101,0,0
20160907T001856,102.074,0,0,102.104,0,0
20160907T001856,102.076,0,0,102.106,0,0
20160907T001856,102.077,0,0,102.107,0,0
20160907T001856,102.08,0,0,102.11,0,0
20160907T001856,102.081,0,0,102.111,0,0
20160907T001856,102.08,0,0,102.11,0,0
20160907T001907,102.08,0,0,102.109,0,0
20160907T001910,102.08,0,0,102.11,0,0
20160907T001910,102.08,0,0,102.109,0,0
20160907T001941,102.079,0,0,102.109,0,0
20160907T001958,102.077,0,0,102.107,0,0
20160907T001958,102.074,0,0,102.104,0,0
20160907T002004,102.073,0,0,102.103,0,0
20160907T002014,102.074,0,0,102.104,0,0
20160907T002016,102.073,0,0,102.104,0,0
20160907T002017,102.073,0,0,102.103,0,0
20160907T002019,102.072,0,0,102.103,0,0
20160907T002019,102.072,0,0,102.102,0,0
20160907T002043,102.074,0,0,102.105,0,0
20160907T002048,102.073,0,0,102.104,0,0
20160907T002051,102.074,0,0,102.104,0,0
20160907T002054,102.073,0,0,102.103,0,0
20160907T002057,102.072,0,0,102.102,0,0
20160907T002100,102.073,0,0,102.103,0,0
20160907T002106,102.078,0,0,102.105,0,0
20160907T002119,102.081,0,0,102.109,0,0
20160907T002120,102.081,0,0,102.11,0,0
20160907T002120,102.083,0,0,102.111,0,0
20160907T002154,102.084,0,0,102.11,0,0
20160907T002209,102.083,0,0,102.11,0,0
20160907T002210,102.083,0,0,102.109,0,0
20160907T002232,102.083,0,0,102.11,0,0
20160907T002232,102.083,0,0,102.109,0,0
20160907T002235,102.082,0,0,102.109,0,0
20160907T002240,102.082,0,0,102.107,0,0
20160907T002243,102.078,0,0,102.107,0,0
20160907T002255,102.077,0,0,102.107,0,0
20160907T002257,102.076,0,0,102.107,0,0
20160907T002258,102.077,0,0,102.107,0,0
20160907T002300,102.077,0,0,102.108,0,0
20160907T002302,102.078,0,0,102.108,0,0
20160907T002310,102.078,0,0,102.107,0,0
20160907T002332,102.079,0,0,102.107,0,0
20160907T002354,102.083,0,0,102.108,0,0
20160907T002354,102.08,0,0,102.109,0,0
20160907T002354,102.079,0,0,102.107,0,0
20160907T002404,102.079,0,0,102.108,0,0
20160907T002406,102.08,0,0,102.108,0,0
20160907T002414,102.08,0,0,102.107,0,0
20160907T002424,102.08,0,0,102.109,0,0
20160907T002433,102.079,0,0,102.109,0,0
20160907T002434,102.079,0,0,102.108,0,0
20160907T002444,102.079,0,0,102.109,0,0
20160907T002445,102.079,0,0,102.108,0,0
20160907T002445,102.079,0,0,102.109,0,0
20160907T002458,102.078,0,0,102.107,0,0
20160907T002531,102.079,0,0,102.107,0,0
20160907T002531,102.08,0,0,102.108,0,0
20160907T002556,102.079,0,0,102.109,0,0
20160907T002558,102.092,0,0,102.118,0,0
20160907T002558,102.09,0,0,102.118,0,0
20160907T002558,102.089,0,0,102.117,0,0
20160907T002558,102.091,0,0,102.119,0,0
20160907T002559,102.09,0,0,102.118,0,0
20160907T002617,102.089,0,0,102.118,0,0
20160907T002625,102.09,0,0,102.119,0,0
20160907T002627,102.091,0,0,102.119,0,0
20160907T002633,102.091,0,0,102.12,0,0
20160907T002641,102.093,0,0,102.122,0,0
20160907T002641,102.092,0,0,102.121,0,0
20160907T002642,102.091,0,0,102.12,0,0
20160907T002642,102.092,0,0,102.121,0,0
20160907T002642,102.093,0,0,102.122,0,0
20160907T002651,102.092,0,0,102.122,0,0
20160907T002651,102.092,0,0,102.121,0,0
20160907T002651,102.091,0,0,102.12,0,0
20160907T002652,102.09,0,0,102.118,0,0
20160907T002656,102.089,0,0,102.118,0,0
20160907T002700,102.086,0,0,102.115,0,0
20160907T002700,102.088,0,0,102.118,0,0
20160907T002700,102.089,0,0,102.12,0,0
20160907T002701,102.091,0,0,102.12,0,0
20160907T002702,102.089,0,0,102.12,0,0
20160907T002703,102.089,0,0,102.118,0,0
20160907T002703,102.088,0,0,102.118,0,0
20160907T002705,102.086,0,0,102.118,0,0
20160907T002705,102.086,0,0,102.117,0,0
20160907T002706,102.086,0,0,102.116,0,0
20160907T002707,102.086,0,0,102.117,0,0
20160907T002707,102.086,0,0,102.116,0,0
20160907T002708,102.087,0,0,102.117,0,0
20160907T002709,102.087,0,0,102.116,0,0
20160907T002710,102.087,0,0,102.117,0,0
20160907T002711,102.087,0,0,102.118,0,0
20160907T002714,102.086,0,0,102.117,0,0
20160907T002714,102.087,0,0,102.118,0,0
20160907T002717,102.088,0,0,102.12,0,0
20160907T002717,102.088,0,0,102.119,0,0
20160907T002718,102.088,0,0,102.118,0,0
20160907T002719,102.087,0,0,102.118,0,0
20160907T002719,102.087,0,0,102.119,0,0
20160907T002720,102.09,0,0,102.121,0,0
20160907T002720,102.092,0,0,102.121,0,0
20160907T002720,102.094,0,0,102.123,0,0
20160907T002720,102.095,0,0,102.123,0,0
20160907T002720,102.094,0,0,102.122,0,0
20160907T002725,102.093,0,0,102.121,0,0
20160907T002725,102.092,0,0,102.12,0,0
20160907T002726,102.091,0,0,102.119,0,0
20160907T002727,102.092,0,0,102.12,0,0
20160907T002729,102.092,0,0,102.121,0,0
20160907T002729,102.098,0,0,102.126,0,0
20160907T002729,102.1,0,0,102.129,0,0
20160907T002729,102.101,0,0,102.133,0,0
20160907T002729,102.105,0,0,102.134,0,0
20160907T002730,102.102,0,0,102.134,0,0
20160907T002730,102.1,0,0,102.131,0,0
20160907T002730,102.099,0,0,102.131,0,0
20160907T002733,102.103,0,0,102.134,0,0
20160907T002733,102.113,0,0,102.142,0,0
20160907T002733,102.113,0,0,102.141,0,0
20160907T002733,102.111,0,0,102.143,0,0
20160907T002734,102.11,0,0,102.141,0,0
20160907T002734,102.109,0,0,102.141,0,0
20160907T002734,102.108,0,0,102.14,0,0
20160907T002735,102.108,0,0,102.139,0,0
20160907T002738,102.106,0,0,102.137,0,0
20160907T002739,102.107,0,0,102.137,0,0
20160907T002739,102.107,0,0,102.135,0,0
20160907T002739,102.106,0,0,102.134,0,0
20160907T002739,102.105,0,0,102.132,0,0
20160907T002740,102.104,0,0,102.132,0,0
20160907T002741,102.103,0,0,102.132,0,0
20160907T002741,102.103,0,0,102.131,0,0
20160907T002742,102.103,0,0,102.134,0,0
20160907T002744,102.103,0,0,102.133,0,0
20160907T002746,102.103,0,0,102.132,0,0
20160907T002748,102.103,0,0,102.131,0,0
20160907T002752,102.114,0,0,102.142,0,0
20160907T002752,102.107,0,0,102.145,0,0
20160907T002752,102.111,0,0,102.147,0,0
20160907T002753,102.112,0,0,102.147,0,0
20160907T002753,102.107,0,0,102.147,0,0
20160907T002753,102.103,0,0,102.141,0,0
20160907T002753,102.101,0,0,102.141,0,0
20160907T002753,102.097,0,0,102.137,0,0
20160907T002755,102.097,0,0,102.136,0,0
20160907T002755,102.098,0,0,102.137,0,0
20160907T002756,102.098,0,0,102.138,0,0
20160907T002801,102.097,0,0,102.137,0,0
20160907T002802,102.103,0,0,102.134,0,0
20160907T002804,102.103,0,0,102.135,0,0
20160907T002808,102.106,0,0,102.135,0,0
20160907T002816,102.105,0,0,102.135,0,0
20160907T002817,102.105,0,0,102.136,0,0
20160907T002819,102.104,0,0,102.136,0,0
20160907T002825,102.105,0,0,102.136,0,0
20160907T002833,102.105,0,0,102.137,0,0
20160907T002833,102.106,0,0,102.138,0,0
20160907T002837,102.106,0,0,102.137,0,0
20160907T002846,102.108,0,0,102.141,0,0
20160907T002846,102.109,0,0,102.141,0,0
20160907T002846,102.109,0,0,102.14,0,0
20160907T002846,102.106,0,0,102.138,0,0
20160907T002846,102.105,0,0,102.137,0,0
20160907T002847,102.105,0,0,102.136,0,0
20160907T002847,102.105,0,0,102.134,0,0
20160907T002849,102.105,0,0,102.135,0,0
20160907T002850,102.105,0,0,102.136,0,0
20160907T002855,102.105,0,0,102.135,0,0
20160907T002857,102.105,0,0,102.134,0,0
20160907T002902,102.104,0,0,102.134,0,0
20160907T002902,102.104,0,0,102.133,0,0
20160907T002905,102.104,0,0,102.134,0,0
20160907T002915,102.104,0,0,102.136,0,0
20160907T002916,102.104,0,0,102.135,0,0
20160907T002917,102.104,0,0,102.134,0,0
20160907T002918,102.104,0,0,102.136,0,0
20160907T002922,102.104,0,0,102.134,0,0
20160907T002925,102.103,0,0,102.134,0,0
20160907T002925,102.104,0,0,102.134,0,0
20160907T002926,102.113,0,0,102.138,0,0
20160907T002926,102.111,0,0,102.136,0,0
20160907T002926,102.107,0,0,102.136,0,0
20160907T002927,102.103,0,0,102.132,0,0
20160907T002928,102.103,0,0,102.133,0,0
20160907T002932,102.106,0,0,102.135,0,0
20160907T002932,102.104,0,0,102.134,0,0
20160907T002940,102.108,0,0,102.135,0,0
20160907T002940,102.105,0,0,102.133,0,0
20160907T002940,102.103,0,0,102.132,0,0
20160907T002949,102.106,0,0,102.134,0,0
20160907T002950,102.106,0,0,102.135,0,0
20160907T002950,102.107,0,0,102.135,0,0
20160907T002950,102.108,0,0,102.135,0,0
20160907T002951,102.111,0,0,102.14,0,0
20160907T002951,102.114,0,0,102.142,0,0
20160907T002951,102.116,0,0,102.145,0,0
20160907T002952,102.116,0,0,102.144,0,0
20160907T002952,102.113,0,0,102.141,0,0
20160907T002952,102.108,0,0,102.137,0,0
20160907T002952,102.104,0,0,102.132,0,0
20160907T002952,102.104,0,0,102.129,0,0
20160907T002952,102.105,0,0,102.133,0,0
20160907T002952,102.106,0,0,102.134,0,0
20160907T002952,102.106,0,0,102.133,0,0
20160907T002953,102.106,0,0,102.132,0,0
20160907T002954,102.105,0,0,102.132,0,0
20160907T002954,102.101,0,0,102.13,0,0
20160907T002954,102.098,0,0,102.126,0,0
20160907T002955,102.094,0,0,102.122,0,0
20160907T002955,102.094,0,0,102.121,0,0
20160907T002955,102.094,0,0,102.123,0,0
20160907T002955,102.096,0,0,102.122,0,0
20160907T002955,102.095,0,0,102.12,0,0
20160907T002955,102.095,0,0,102.122,0,0
20160907T002955,102.099,0,0,102.124,0,0
20160907T002958,102.101,0,0,102.128,0,0
20160907T002958,102.101,0,0,102.13,0,0
20160907T002958,102.101,0,0,102.131,0,0
20160907T002958,102.103,0,0,102.131,0,0
20160907T003000,102.105,0,0,102.134,0,0
20160907T003000,102.105,0,0,102.132,0,0
20160907T003000,102.105,0,0,102.133,0,0
20160907T003000,102.104,0,0,102.133,0,0
20160907T003000,102.103,0,0,102.131,0,0
20160907T003000,102.101,0,0,102.13,0,0
20160907T003001,102.101,0,0,102.129,0,0
20160907T003002,102.1,0,0,102.129,0,0
20160907T003003,102.101,0,0,102.129,0,0
20160907T003004,102.104,0,0,102.132,0,0
20160907T003004,102.101,0,0,102.129,0,0
20160907T003004,102.097,0,0,102.126,0,0
20160907T003004,102.095,0,0,102.125,0,0
20160907T003004,102.098,0,0,102.127,0,0
20160907T003005,102.099,0,0,102.127,0,0
20160907T003006,102.097,0,0,102.126,0,0
20160907T003010,102.098,0,0,102.126,0,0
20160907T003010,102.1,0,0,102.128,0,0
20160907T003011,102.101,0,0,102.128,0,0
20160907T003011,102.099,0,0,102.128,0,0
20160907T003017,102.097,0,0,102.125,0,0
20160907T003017,102.097,0,0,102.119,0,0
20160907T003017,102.095,0,0,102.117,0,0
20160907T003017,102.094,0,0,102.115,0,0
20160907T003017,102.091,0,0,102.115,0,0
20160907T003018,102.092,0,0,102.12,0,0
20160907T003018,102.089,0,0,102.118,0,0
20160907T003018,102.092,0,0,102.121,0,0
20160907T003018,102.093,0,0,102.121,0,0
20160907T003019,102.092,0,0,102.121,0,0
20160907T003020,102.087,0,0,102.115,0,0
20160907T003020,102.081,0,0,102.107,0,0
20160907T003020,102.079,0,0,102.107,0,0
20160907T003021,102.075,0,0,102.107,0,0
20160907T003021,102.073,0,0,102.107,0,0
20160907T003021,102.075,0,0,102.108,0,0
20160907T003021,102.075,0,0,102.109,0,0
20160907T003021,102.085,0,0,102.119,0,0
20160907T003021,102.088,0,0,102.124,0,0
20160907T003021,102.087,0,0,102.124,0,0
20160907T003021,102.088,0,0,102.125,0,0
20160907T003022,102.088,0,0,102.124,0,0
20160907T003022,102.088,0,0,102.125,0,0
20160907T003023,102.088,0,0,102.124,0,0
20160907T003023,102.089,0,0,102.124,0,0
20160907T003023,102.089,0,0,102.123,0,0
20160907T003027,102.099,0,0,102.126,0,0
20160907T003027,102.1,0,0,102.128,0,0
20160907T003027,102.1,0,0,102.129,0,0
20160907T003027,102.1,0,0,102.131,0,0
20160907T003027,102.1,0,0,102.129,0,0
20160907T003029,102.1,0,0,102.131,0,0
20160907T003030,102.103,0,0,102.132,0,0
20160907T003030,102.103,0,0,102.13,0,0
20160907T003031,102.104,0,0,102.131,0,0
20160907T003034,102.104,0,0,102.129,0,0
20160907T003034,102.094,0,0,102.118,0,0
20160907T003034,102.09,0,0,102.114,0,0
20160907T003035,102.089,0,0,102.114,0,0
20160907T003035,102.088,0,0,102.117,0,0
20160907T003035,102.088,0,0,102.118,0,0
20160907T003035,102.088,0,0,102.117,0,0
20160907T003036,102.088,0,0,102.118,0,0
20160907T003037,102.088,0,0,102.116,0,0
20160907T003037,102.088,0,0,102.118,0,0
20160907T003037,102.088,0,0,102.117,0,0
20160907T003038,102.088,0,0,102.118,0,0
20160907T003038,102.088,0,0,102.117,0,0
20160907T003038,102.091,0,0,102.12,0,0
20160907T003038,102.093,0,0,102.121,0,0
20160907T003038,102.092,0,0,102.12,0,0
20160907T003039,102.093,0,0,102.122,0,0
20160907T003039,102.094,0,0,102.122,0,0
20160907T003040,102.094,0,0,102.121,0,0
20160907T003041,102.101,0,0,102.13,0,0
20160907T003041,102.105,0,0,102.134,0,0
20160907T003041,102.105,0,0,102.133,0,0
20160907T003041,102.103,0,0,102.133,0,0
20160907T003042,102.1,0,0,102.129,0,0
20160907T003042,102.099,0,0,102.127,0,0
20160907T003042,102.097,0,0,102.127,0,0
20160907T003042,102.1,0,0,102.127,0,0
20160907T003042,102.105,0,0,102.133,0,0
20160907T003042,102.106,0,0,102.132,0,0
20160907T003042,102.106,0,0,102.131,0,0
20160907T003042,102.106,0,0,102.132,0,0
20160907T003043,102.105,0,0,102.132,0,0
20160907T003043,102.103,0,0,102.13,0,0
20160907T003043,102.103,0,0,102.129,0,0
20160907T003043,102.103,0,0,102.128,0,0
20160907T003043,102.103,0,0,102.129,0,0
20160907T003043,102.103,0,0,102.13,0,0
20160907T003043,102.103,0,0,102.129,0,0
20160907T003044,102.102,0,0,102.129,0,0
20160907T003049,102.103,0,0,102.129,0,0
20160907T003050,102.102,0,0,102.129,0,0
20160907T003050,102.103,0,0,102.13,0,0
20160907T003051,102.102,0,0,102.13,0,0
20160907T003051,102.102,0,0,102.129,0,0
20160907T003051,102.102,0,0,102.13,0,0
20160907T003051,102.102,0,0,102.129,0,0
20160907T003051,102.103,0,0,102.129,0,0
20160907T003051,102.103,0,0,102.13,0,0
20160907T003052,102.103,0,0,102.129,0,0
20160907T003053,102.103,0,0,102.13,0,0
20160907T003053,102.103,0,0,102.129,0,0
20160907T003056,102.102,0,0,102.129,0,0
20160907T003058,102.103,0,0,102.129,0,0
20160907T003058,102.103,0,0,102.13,0,0
20160907T003058,102.103,0,0,102.129,0,0
20160907T003058,102.103,0,0,102.13,0,0
20160907T003058,102.102,0,0,102.129,0,0
20160907T003103,102.102,0,0,102.127,0,0
20160907T003103,102.102,0,0,102.126,0,0
20160907T003104,102.102,0,0,102.128,0,0
20160907T003104,102.103,0,0,102.126,0,0
20160907T003105,102.103,0,0,102.125,0,0
20160907T003106,102.102,0,0,102.124,0,0
20160907T003106,102.102,0,0,102.125,0,0
20160907T003107,102.101,0,0,102.125,0,0
20160907T003107,102.101,0,0,102.124,0,0
20160907T003108,102.102,0,0,102.124,0,0
20160907T003109,102.1,0,0,102.124,0,0
20160907T003109,102.099,0,0,102.124,0,0
20160907T003120,102.099,0,0,102.123,0,0
20160907T003120,102.099,0,0,102.124,0,0
20160907T003148,102.102,0,0,102.127,0,0
20160907T003149,102.102,0,0,102.126,0,0
20160907T003151,102.097,0,0,102.122,0,0
20160907T003151,102.095,0,0,102.119,0,0
20160907T003151,102.094,0,0,102.119,0,0
20160907T003153,102.094,0,0,102.118,0,0
20160907T003153,102.094,0,0,102.119,0,0
20160907T003154,102.094,0,0,102.118,0,0
20160907T003155,102.094,0,0,102.119,0,0
20160907T003201,102.094,0,0,102.118,0,0
20160907T003202,102.094,0,0,102.119,0,0
20160907T003204,102.094,0,0,102.121,0,0
20160907T003209,102.094,0,0,102.12,0,0
20160907T003210,102.094,0,0,102.118,0,0
20160907T003211,102.094,0,0,102.119,0,0
20160907T003213,102.094,0,0,102.118,0,0
20160907T003215,102.093,0,0,102.117,0,0
20160907T003223,102.093,0,0,102.118,0,0
20160907T003238,102.094,0,0,102.118,0,0
20160907T003239,102.094,0,0,102.12,0,0
20160907T003245,102.094,0,0,102.118,0,0
20160907T003306,102.095,0,0,102.118,0,0
20160907T003306,102.095,0,0,102.12,0,0
20160907T003306,102.095,0,0,102.119,0,0
20160907T003349,102.095,0,0,102.118,0,0
20160907T003353,102.095,0,0,102.119,0,0
20160907T003356,102.093,0,0,102.117,0,0
20160907T003356,102.093,0,0,102.116,0,0
20160907T003356,102.093,0,0,102.117,0,0
20160907T003400,102.092,0,0,102.115,0,0
20160907T003400,102.093,0,0,102.115,0,0
20160907T003400,102.095,0,0,102.118,0,0
20160907T003401,102.095,0,0,102.119,0,0
20160907T003402,102.098,0,0,102.123,0,0
20160907T003402,102.1,0,0,102.124,0,0
20160907T003402,102.101,0,0,102.123,0,0
20160907T003402,102.101,0,0,102.124,0,0
20160907T003411,102.099,0,0,102.122,0,0
20160907T003411,102.098,0,0,102.121,0,0
20160907T003411,102.098,0,0,102.119,0,0
20160907T003411,102.097,0,0,102.119,0,0
20160907T003411,102.097,0,0,102.118,0,0
20160907T003412,102.094,0,0,102.119,0,0
20160907T003412,102.095,0,0,102.119,0,0
20160907T003413,102.095,0,0,102.118,0,0
20160907T003415,102.095,0,0,102.119,0,0
20160907T003417,102.096,0,0,102.119,0,0
20160907T003419,102.103,0,0,102.125,0,0
20160907T003419,102.105,0,0,102.127,0,0
20160907T003419,102.106,0,0,102.128,0,0
20160907T003419,102.105,0,0,102.128,0,0
20160907T003420,102.105,0,0,102.127,0,0
20160907T003422,102.104,0,0,102.127,0,0
20160907T003422,102.105,0,0,102.127,0,0
20160907T003423,102.104,0,0,102.127,0,0
20160907T003426,102.105,0,0,102.127,0,0
20160907T003426,102.104,0,0,102.127,0,0
20160907T003426,102.104,0,0,102.126,0,0
20160907T003427,102.105,0,0,102.126,0,0
20160907T003428,102.104,0,0,102.126,0,0
20160907T003430,102.105,0,0,102.126,0,0
20160907T003430,102.102,0,0,102.125,0,0
20160907T003431,102.097,0,0,102.119,0,0
20160907T003431,102.096,0,0,102.118,0,0
20160907T003431,102.098,0,0,102.12,0,0
20160907T003431,102.099,0,0,102.121,0,0
20160907T003431,102.099,0,0,102.12,0,0
20160907T003432,102.098,0,0,102.12,0,0
20160907T003432,102.098,0,0,102.121,0,0
20160907T003439,102.094,0,0,102.117,0,0
20160907T003439,102.094,0,0,102.115,0,0
20160907T003444,102.094,0,0,102.114,0,0
20160907T003445,102.091,0,0,102.113,0,0
20160907T003450,102.091,0,0,102.114,0,0
20160907T003453,102.091,0,0,102.112,0,0
20160907T003500,102.091,0,0,102.113,0,0
20160907T003504,102.091,0,0,102.112,0,0
20160907T003507,102.093,0,0,102.115,0,0
20160907T003508,102.092,0,0,102.112,0,0
20160907T003508,102.091,0,0,102.112,0,0
20160907T003508,102.091,0,0,102.113,0,0
20160907T003508,102.091,0,0,102.112,0,0
20160907T003509,102.091,0,0,102.113,0,0
20160907T003518,102.091,0,0,102.112,0,0
20160907T003527,102.091,0,0,102.113,0,0
20160907T003558,102.091,0,0,102.112,0,0
20160907T003608,102.091,0,0,102.113,0,0
20160907T003610,102.094,0,0,102.116,0,0
20160907T003610,102.096,0,0,102.119,0,0
20160907T003610,102.094,0,0,102.116,0,0
20160907T003610,102.098,0,0,102.121,0,0
20160907T003611,102.098,0,0,102.118,0,0
20160907T003611,102.095,0,0,102.115,0,0
20160907T003611,102.095,0,0,102.116,0,0
20160907T003611,102.095,0,0,102.117,0,0
20160907T003613,102.094,0,0,102.117,0,0
20160907T003615,102.095,0,0,102.117,0,0
20160907T003629,102.1,0,0,102.122,0,0
20160907T003629,102.101,0,0,102.121,0,0
20160907T003629,102.101,0,0,102.122,0,0
20160907T003631,102.102,0,0,102.124,0,0
20160907T003638,102.102,0,0,102.123,0,0
20160907T003638,102.1,0,0,102.122,0,0
20160907T003641,102.1,0,0,102.121,0,0
20160907T003644,102.1,0,0,102.12,0,0
20160907T003645,102.099,0,0,102.12,0,0
20160907T003651,102.1,0,0,102.121,0,0
20160907T003652,102.096,0,0,102.117,0,0
20160907T003652,102.093,0,0,102.114,0,0
20160907T003652,102.089,0,0,102.11,0,0
20160907T003654,102.087,0,0,102.108,0,0
20160907T003714,102.084,0,0,102.105,0,0
20160907T003714,102.093,0,0,102.114,0,0
20160907T003714,102.09,0,0,102.11,0,0
20160907T003714,102.094,0,0,102.114,0,0
20160907T003714,102.096,0,0,102.115,0,0
20160907T003714,102.098,0,0,102.118,0,0
20160907T003714,102.097,0,0,102.117,0,0
20160907T003714,102.098,0,0,102.117,0,0
20160907T003714,102.097,0,0,102.118,0,0
20160907T003715,102.104,0,0,102.125,0,0
20160907T003715,102.101,0,0,102.121,0,0
20160907T003715,102.099,0,0,102.12,0,0
20160907T003715,102.097,0,0,102.118,0,0
20160907T003747,102.101,0,0,102.122,0,0
20160907T003750,102.099,0,0,102.12,0,0
20160907T003801,102.1,0,0,102.12,0,0
20160907T003802,102.103,0,0,102.123,0,0
20160907T003803,102.103,0,0,102.124,0,0
20160907T003803,102.102,0,0,102.123,0,0
20160907T003803,102.101,0,0,102.122,0,0
20160907T003803,102.1,0,0,102.121,0,0
20160907T003807,102.1,0,0,102.12,0,0
20160907T003807,102.1,0,0,102.119,0,0
20160907T003808,102.099,0,0,102.119,0,0
20160907T003808,102.099,0,0,102.12,0,0
20160907T003812,102.1,0,0,102.121,0,0
20160907T003813,102.101,0,0,102.121,0,0
20160907T003839,102.1,0,0,102.121,0,0
20160907T003852,102.102,0,0,102.123,0,0
20160907T003852,102.102,0,0,102.124,0,0
20160907T003852,102.103,0,0,102.124,0,0
20160907T003853,102.102,0,0,102.124,0,0
20160907T003853,102.103,0,0,102.124,0,0
20160907T003854,102.102,0,0,102.124,0,0
20160907T003928,102.103,0,0,102.124,0,0
20160907T003929,102.102,0,0,102.124,0,0
20160907T003935,102.103,0,0,102.124,0,0
20160907T003937,102.102,0,0,102.124,0,0
20160907T003945,102.103,0,0,102.124,0,0
20160907T004004,102.101,0,0,102.122,0,0
20160907T004004,102.1,0,0,102.121,0,0
20160907T004017,102.099,0,0,102.12,0,0
20160907T004020,102.1,0,0,102.12,0,0
20160907T004021,102.1,0,0,102.121,0,0
20160907T004021,102.099,0,0,102.12,0,0
20160907T004023,102.1,0,0,102.12,0,0
20160907T004023,102.1,0,0,102.121,0,0
20160907T004030,102.099,0,0,102.12,0,0
20160907T004031,102.1,0,0,102.12,0,0
20160907T004031,102.1,0,0,102.121,0,0
20160907T004107,102.1,0,0,102.12,0,0
20160907T004108,102.1,0,0,102.121,0,0
20160907T004109,102.101,0,0,102.121,0,0
20160907T004117,102.1,0,0,102.121,0,0
20160907T004130,102.097,0,0,102.117,0,0
20160907T004130,102.096,0,0,102.117,0,0
20160907T004131,102.096,0,0,102.116,0,0
20160907T004131,102.095,0,0,102.115,0,0
20160907T004134,102.095,0,0,102.114,0,0
20160907T004136,102.095,0,0,102.115,0,0
20160907T004138,102.095,0,0,102.114,0,0
20160907T004139,102.095,0,0,102.115,0,0
20160907T004206,102.099,0,0,102.118,0,0
20160907T004206,102.099,0,0,102.12,0,0
20160907T004207,102.1,0,0,102.121,0,0
20160907T004207,102.102,0,0,102.122,0,0
20160907T004207,102.099,0,0,102.12,0,0
20160907T004221,102.112,0,0,102.131,0,0
20160907T004221,102.112,0,0,102.132,0,0
20160907T004221,102.11,0,0,102.13,0,0
20160907T004221,102.109,0,0,102.129,0,0
20160907T004230,102.108,0,0,102.128,0,0
20160907T004230,102.109,0,0,102.129,0,0
20160907T004239,102.109,0,0,102.13,0,0
20160907T004404,102.107,0,0,102.128,0,0
20160907T004404,102.106,0,0,102.127,0,0
20160907T004405,102.107,0,0,102.128,0,0
20160907T004431,102.106,0,0,102.126,0,0
20160907T004509,102.102,0,0,102.122,0,0
20160907T004509,102.101,0,0,102.121,0,0
20160907T004510,102.101,0,0,102.122,0,0
20160907T004510,102.099,0,0,102.119,0,0
20160907T004514,102.096,0,0,102.116,0,0
20160907T004514,102.096,0,0,102.115,0,0
20160907T004514,102.097,0,0,102.116,0,0
20160907T004515,102.097,0,0,102.117,0,0
20160907T004515,102.097,0,0,102.116,0,0
20160907T004516,102.097,0,0,102.117,0,0
20160907T004519,102.096,0,0,102.116,0,0
20160907T004524,102.092,0,0,102.11,0,0
20160907T004524,102.093,0,0,102.113,0,0
20160907T004524,102.094,0,0,102.115,0,0
20160907T004524,102.095,0,0,102.115,0,0
20160907T004525,102.095,0,0,102.116,0,0
20160907T004544,102.095,0,0,102.117,0,0
20160907T004547,102.095,0,0,102.116,0,0
20160907T004550,102.096,0,0,102.117,0,0
20160907T004550,102.099,0,0,102.119,0,0
20160907T004550,102.099,0,0,102.12,0,0
20160907T004551,102.096,0,0,102.117,0,0
20160907T004551,102.094,0,0,102.115,0,0
20160907T004551,102.093,0,0,102.114,0,0
20160907T004551,102.094,0,0,102.114,0,0
20160907T004552,102.093,0,0,102.114,0,0
20160907T004552,102.094,0,0,102.114,0,0
20160907T004555,102.093,0,0,102.114,0,0
20160907T004556,102.095,0,0,102.115,0,0
20160907T004559,102.093,0,0,102.112,0,0
20160907T004559,102.089,0,0,102.108,0,0
20160907T004559,102.091,0,0,102.111,0,0
20160907T004559,102.09,0,0,102.111,0,0
20160907T004602,102.091,0,0,102.111,0,0
20160907T004604,102.091,0,0,102.112,0,0
20160907T004604,102.091,0,0,102.11,0,0
20160907T004604,102.091,0,0,102.111,0,0
20160907T004605,102.09,0,0,102.11,0,0
20160907T004605,102.091,0,0,102.111,0,0
20160907T004605,102.09,0,0,102.108,0,0
20160907T004609,102.089,0,0,102.108,0,0
20160907T004617,102.087,0,0,102.106,0,0
20160907T004617,102.087,0,0,102.104,0,0
20160907T004618,102.088,0,0,102.106,0,0
20160907T004618,102.087,0,0,102.106,0,0
20160907T004619,102.088,0,0,102.106,0,0
20160907T004619,102.088,0,0,102.108,0,0
20160907T004619,102.093,0,0,102.112,0,0
20160907T004619,102.094,0,0,102.112,0,0
20160907T004619,102.094,0,0,102.114,0,0
20160907T004619,102.094,0,0,102.115,0,0
20160907T004628,102.093,0,0,102.115,0,0
20160907T004628,102.094,0,0,102.115,0,0
20160907T004630,102.093,0,0,102.115,0,0
20160907T004632,102.094,0,0,102.115,0,0
20160907T004633,102.093,0,0,102.115,0,0
20160907T004639,102.093,0,0,102.114,0,0
20160907T004639,102.094,0,0,102.114,0,0
20160907T004646,102.093,0,0,102.114,0,0
20160907T004652,102.094,0,0,102.114,0,0
20160907T004654,102.093,0,0,102.114,0,0
20160907T004657,102.094,0,0,102.114,0,0
20160907T004658,102.093,0,0,102.114,0,0
20160907T004701,102.094,0,0,102.114,0,0
20160907T004702,102.093,0,0,102.114,0,0
20160907T004704,102.094,0,0,102.114,0,0
20160907T004704,102.093,0,0,102.114,0,0
20160907T004710,102.101,0,0,102.124,0,0
20160907T004710,102.101,0,0,102.122,0,0
20160907T004711,102.096,0,0,102.116,0,0
20160907T004711,102.095,0,0,102.115,0,0
20160907T004711,102.094,0,0,102.115,0,0
20160907T004711,102.094,0,0,102.114,0,0
20160907T004712,102.093,0,0,102.113,0,0
20160907T004720,102.092,0,0,102.113,0,0
20160907T004724,102.092,0,0,102.114,0,0
20160907T004730,102.092,0,0,102.113,0,0
20160907T004733,102.093,0,0,102.113,0,0
20160907T004743,102.092,0,0,102.113,0,0
20160907T004744,102.091,0,0,102.113,0,0
20160907T004744,102.092,0,0,102.113,0,0
20160907T004748,102.091,0,0,102.113,0,0
20160907T004758,102.092,0,0,102.113,0,0
20160907T004801,102.092,0,0,102.112,0,0
20160907T004803,102.091,0,0,102.112,0,0
20160907T004804,102.084,0,0,102.106,0,0
20160907T004804,102.082,0,0,102.103,0,0
20160907T004804,102.08,0,0,102.103,0,0
20160907T004805,102.078,0,0,102.101,0,0
20160907T004806,102.075,0,0,102.098,0,0
20160907T004807,102.076,0,0,102.098,0,0
20160907T004807,102.076,0,0,102.099,0,0
20160907T004808,102.075,0,0,102.098,0,0
20160907T004808,102.076,0,0,102.098,0,0
20160907T004809,102.077,0,0,102.099,0,0
20160907T004811,102.077,0,0,102.1,0,0
20160907T004811,102.076,0,0,102.099,0,0
20160907T004811,102.076,0,0,102.098,0,0
20160907T004813,102.076,0,0,102.097,0,0
20160907T004813,102.074,0,0,102.095,0,0
20160907T004813,102.076,0,0,102.096,0,0
20160907T004813,102.076,0,0,102.097,0,0
20160907T004825,102.074,0,0,102.095,0,0
20160907T004825,102.073,0,0,102.094,0,0
20160907T004839,102.074,0,0,102.094,0,0
20160907T004841,102.079,0,0,102.099,0,0
20160907T004841,102.078,0,0,102.1,0,0
20160907T004842,102.081,0,0,102.101,0,0
20160907T004842,102.083,0,0,102.103,0,0
20160907T004842,102.086,0,0,102.105,0,0
20160907T004842,102.086,0,0,102.106,0,0
20160907T004842,102.087,0,0,102.106,0,0
20160907T004842,102.086,0,0,102.105,0,0
20160907T004843,102.085,0,0,102.105,0,0
20160907T004844,102.086,0,0,102.105,0,0
20160907T004854,102.086,0,0,102.106,0,0
20160907T004854,102.086,0,0,102.105,0,0
20160907T004918,102.086,0,0,102.104,0,0
20160907T004918,102.086,0,0,102.105,0,0
20160907T004930,102.086,0,0,102.106,0,0
20160907T005002,102.087,0,0,102.106,0,0
20160907T005026,102.086,0,0,102.106,0,0
20160907T005027,102.086,0,0,102.105,0,0
20160907T005033,102.087,0,0,102.106,0,0
20160907T005036,102.094,0,0,102.111,0,0
20160907T005036,102.095,0,0,102.112,0,0
20160907T005036,102.096,0,0,102.114,0,0
20160907T005036,102.096,0,0,102.116,0,0
20160907T005036,102.096,0,0,102.115,0,0
20160907T005037,102.096,0,0,102.116,0,0
20160907T005037,102.098,0,0,102.117,0,0
20160907T005037,102.099,0,0,102.117,0,0
20160907T005039,102.098,0,0,102.117,0,0
20160907T005051,102.099,0,0,102.117,0,0
20160907T005052,102.099,0,0,102.118,0,0
20160907T005110,102.096,0,0,102.116,0,0
20160907T005110,102.097,0,0,102.116,0,0
20160907T005113,102.096,0,0,102.116,0,0
20160907T005119,102.098,0,0,102.116,0,0
20160907T005119,102.098,0,0,102.117,0,0
20160907T005120,102.098,0,0,102.118,0,0
20160907T005125,102.099,0,0,102.12,0,0
20160907T005143,102.104,0,0,102.123,0,0
20160907T005143,102.107,0,0,102.126,0,0
20160907T005143,102.107,0,0,102.128,0,0
20160907T005143,102.108,0,0,102.129,0,0
20160907T005144,102.11,0,0,102.131,0,0
20160907T005145,102.109,0,0,102.13,0,0
20160907T005145,102.109,0,0,102.131,0,0
20160907T005146,102.108,0,0,102.131,0,0
20160907T005147,102.109,0,0,102.131,0,0
20160907T005149,102.108,0,0,102.129,0,0
20160907T005152,102.106,0,0,102.126,0,0
20160907T005200,102.104,0,0,102.124,0,0
20160907T005201,102.104,0,0,102.125,0,0
20160907T005202,102.104,0,0,102.124,0,0
20160907T005202,102.103,0,0,102.123,0,0
20160907T005203,102.102,0,0,102.123,0,0
20160907T005210,102.102,0,0,102.122,0,0
20160907T005210,102.102,0,0,102.123,0,0
20160907T005216,102.103,0,0,102.124,0,0
20160907T005217,102.103,0,0,102.123,0,0
20160907T005217,102.103,0,0,102.124,0,0
20160907T005219,102.104,0,0,102.125,0,0
20160907T005219,102.103,0,0,102.124,0,0
20160907T005219,102.104,0,0,102.124,0,0
20160907T005228,102.104,0,0,102.123,0,0
20160907T005229,102.104,0,0,102.124,0,0
20160907T005230,102.103,0,0,102.123,0,0
20160907T005230,102.104,0,0,102.123,0,0
